"Level 1 Sector","Level 2 Category","Level 3 Niche","Level 4 Sub-Niche","Level 5 Micro-Niche","Level 6 Content Example","Video Title"
"Entertainment","Movies & TV","Film Reviews","Blockbuster Critiques","Reviews","Action Movie Review Article","Furiosa: A Mad Max Saga - Movie Review"
"Entertainment","Movies & TV","Film Reviews","Blockbuster Critiques","Reviews","Sci-Fi Blockbuster Critique Post","Dune: Part Two - Movie Review"
"Entertainment","Movies & TV","Film Reviews","Blockbuster Critiques","Reaction","Live Blockbuster Reaction Video","Avengers: Endgame - Live Reaction"
"Entertainment","Movies & TV","Film Reviews","Blockbuster Critiques","Reaction","Post-Trailer Reaction Clip","Deadpool & Wolverine Trailer Reaction"
"Entertainment","Movies & TV","Film Reviews","Indie Film Analysis","Explained","Indie Plot Breakdown Video","The Lighthouse - Explained"
"Entertainment","Movies & TV","Film Reviews","Indie Film Analysis","Explained","Symbolism Explainer Short","Hereditary - Symbolism Explained"
"Entertainment","Movies & TV","Film Reviews","Indie Film Analysis","Lists","Top 5 Indie Films Listicle","Top 5 Indie Movies You Missed"
"Entertainment","Movies & TV","Film Reviews","Indie Film Analysis","Lists","Indie Gems Countdown Video","Top 10 Hidden Indie Gems"
"Entertainment","Movies & TV","TV Recaps","Episode Summaries","Recap","Latest Episode Recap Post","House of the Dragon Season 2 Episode 1 Recap"
"Entertainment","Movies & TV","TV Recaps","Episode Summaries","Recap","Key Moments Summary Thread","The Boys Season 4 Episode 1 Recap"
"Entertainment","Movies & TV","TV Recaps","Episode Summaries","Vlogs","Episode Recap Vlog Entry","Stranger Things Season 4 Episode 1 Vlog Recap"
"Entertainment","Movies & TV","TV Recaps","Episode Summaries","Vlogs","Fan Reaction Recap Video","The Mandalorian Season 3 Episode 1 Fan Recap"
"Entertainment","Movies & TV","TV Recaps","Season Highlights","Highlight","Season’s Best Scenes Clip","Stranger Things Season 4 Best Moments"
"Entertainment","Movies & TV","TV Recaps","Season Highlights","Highlight","Top Character Moments Video","Breaking Bad Best Moments"
"Entertainment","Movies & TV","TV Recaps","Season Highlights","Montage","Season Highlight Reel","Game of Thrones Season 8 Montage"
"Entertainment","Movies & TV","TV Recaps","Season Highlights","Montage","Fan-Made Season Montage","The Witcher Season 2 Fan Montage"
"Entertainment","Comedy","Skits","Short-Form Sketches","Sketch","Quick Comedy Sketch Video","When You’re Late to Work"
"Entertainment","Comedy","Skits","Short-Form Sketches","Sketch","Parody Skit Reel","Star Wars Parody Sketch"
"Entertainment","Comedy","Skits","Short-Form Sketches","Challenges","Sketch Challenge Entry","Impression Challenge Sketch"
"Entertainment","Comedy","Skits","Short-Form Sketches","Challenges","Improv Skit Challenge Video","Improv Comedy Challenge"
"Entertainment","Comedy","Skits","Improv Scenes","Live","Live Improv Performance Stream","Whose Line Is It Anyway? - Live Improv"
"Entertainment","Comedy","Skits","Improv Scenes","Live","Improv Night Recording","Improv Night at UCB"
"Entertainment","Comedy","Skits","Improv Scenes","Behind-the-Scenes","Improv Rehearsal Footage","Improv Rehearsal BTS"
"Entertainment","Comedy","Skits","Improv Scenes","Behind-the-Scenes","Skit Prep BTS Video","SNL Skit Prep BTS"
"Entertainment","Comedy","Stand-Up","Live Routines","Live","Live Stand-Up Set Stream","Kevin Hart - Live Stand-Up 2023"
"Entertainment","Comedy","Stand-Up","Live Routines","Live","Comedy Club Performance Clip","Dave Chappelle - Live Clip"
"Entertainment","Comedy","Stand-Up","Live Routines","Rant","Stand-Up Rant on Trends","Bill Burr - Tech Rant"
"Entertainment","Comedy","Stand-Up","Live Routines","Rant","Topical Comedy Rant Video","John Oliver - Topical Rant"
"Entertainment","Comedy","Stand-Up","Comedy Specials","Reviews","Comedy Special Review Post","Ali Wong Special Review"
"Entertainment","Comedy","Stand-Up","Comedy Specials","Reviews","Stand-Up Special Critique","Hannah Gadsby - Nanette Review"
"Entertainment","Comedy","Stand-Up","Comedy Specials","Podcasts","Comedy Special Recap Podcast","Netflix Is a Joke - Special Recap"
"Entertainment","Comedy","Stand-Up","Comedy Specials","Podcasts","Behind-the-Special Audio Chat","Joe Rogan - Special BTS"
"Entertainment","Music & Performance","Music Videos","Pop Releases","Reveal","New Pop Single Reveal Video","Miley Cyrus - Flowers Reveal"
"Entertainment","Music & Performance","Music Videos","Pop Releases","Reveal","Pop Video Teaser Clip","Taylor Swift - Anti-Hero Teaser"
"Entertainment","Music & Performance","Music Videos","Pop Releases","Montage","Pop Hits Montage Reel","2023 Pop Hits Montage"
"Entertainment","Music & Performance","Music Videos","Pop Releases","Montage","Dance Video Compilation","Pop Dance Compilation"
"Entertainment","Music & Performance","Music Videos","Indie Clips","Showcase","Indie Artist Video Showcase","Tash Sultana - Jungle (Live Bedroom)"
"Entertainment","Music & Performance","Music Videos","Indie Clips","Showcase","Acoustic Clip Collection","Indie Acoustic Sessions"
"Entertainment","Music & Performance","Music Videos","Indie Clips","DIY","DIY Music Video Tutorial","DIY Music Video Guide"
"Entertainment","Music & Performance","Music Videos","Indie Clips","DIY","Home-Made Indie Video","Home-Made Indie MV"
"Entertainment","Music & Performance","Live Performances","Concert Footage","Live","Live Concert Stream","Coldplay - Live from Buenos Aires"
"Entertainment","Music & Performance","Live Performances","Concert Footage","Live","Festival Performance Broadcast","Lollapalooza 2023 Live"
"Entertainment","Music & Performance","Live Performances","Concert Footage","Highlight","Concert Highlight Reel","Beyoncé - Coachella Highlights"
"Entertainment","Music & Performance","Live Performances","Concert Footage","Highlight","Top Song Performance Clip","Adele - Rolling in the Deep Live"
"Entertainment","Music & Performance","Live Performances","Street Shows","Vlogs","Street Performance Vlog","Busking in London Vlog"
"Entertainment","Music & Performance","Live Performances","Street Shows","Vlogs","Busking Day Video Diary","Street Musician Day Vlog"
"Entertainment","Music & Performance","Live Performances","Street Shows","Performance","Street Gig Recording","Street Guitar Performance"
"Entertainment","Music & Performance","Live Performances","Street Shows","Performance","Open Mic Night Clip","Open Mic Night 2023"
"Education","Academic","Math Lessons","Algebra Basics","Tutorials","Basic Algebra Tutorial Video","Algebra Basics for Beginners"
"Education","Academic","Math Lessons","Algebra Basics","Tutorials","Solving Equations Step-by-Step","Solving Linear Equations"
"Education","Academic","Math Lessons","Algebra Basics","Explained","Algebra Concepts Explainer","Why Learn Algebra?"
"Education","Academic","Math Lessons","Algebra Basics","Explained","Why Algebra Matters Video","Algebra in Real Life"
"Education","Academic","Math Lessons","Calculus Concepts","Guide","Calculus Basics Guidebook","Introduction to Calculus"
"Education","Academic","Math Lessons","Calculus Concepts","Guide","Intro to Derivatives Guide Video","Derivatives Explained"
"Education","Academic","Math Lessons","Calculus Concepts","Q&A","Calculus Q&A Session Recording","Calculus Q&A Live"
"Education","Academic","Math Lessons","Calculus Concepts","Q&A","Student Calculus Questions Answered","Calculus FAQ Video"
"Education","Academic","History Lessons","Ancient Civilizations","Storytime","Ancient Egypt Storytime Video","The Fall of Ancient Egypt"
"Education","Academic","History Lessons","Ancient Civilizations","Storytime","Roman Empire Tale Audio","Rise and Fall of Rome"
"Education","Academic","History Lessons","Ancient Civilizations","Overview","Ancient Civs Overview Post","Ancient Civilizations 101"
"Education","Academic","History Lessons","Ancient Civilizations","Overview","Timeline of Early Societies","Timeline of Ancient History"
"Education","Academic","History Lessons","Modern Events","Update","World War II Update Summary","WWII in 5 Minutes"
"Education","Academic","History Lessons","Modern Events","Update","Cold War Progress Report","Cold War Summary"
"Education","Academic","History Lessons","Modern Events","Breakdown","WWII Battles Breakdown Video","Battle of Stalingrad Breakdown"
"Education","Academic","History Lessons","Modern Events","Breakdown","Cold War Events Analysis","Berlin Wall Analysis"
"Education","Skills & DIY","Coding Tutorials","Web Development","Tutorials","HTML Basics Tutorial Video","HTML for Beginners"
"Education","Skills & DIY","Coding Tutorials","Web Development","Tutorials","CSS Styling Step-by-Step","CSS Basics Tutorial"
"Education","Skills & DIY","Coding Tutorials","Web Development","Walkthrough","Website Build Walkthrough","Build a Website from Scratch"
"Education","Skills & DIY","Coding Tutorials","Web Development","Walkthrough","Responsive Design Guide Video","Responsive Web Design Guide"
"Education","Skills & DIY","Coding Tutorials","App Coding","Demo","Mobile App Demo Video","Flutter App Demo"
"Education","Skills & DIY","Coding Tutorials","App Coding","Demo","App Feature Showcase Clip","Flutter App Feature Demo"
"Education","Skills & DIY","Coding Tutorials","App Coding","Tips","App Coding Quick Tips Post","5 App Coding Tips"
"Education","Skills & DIY","Coding Tutorials","App Coding","Tips","Efficiency Coding Tip Video","Efficient Coding Tips"
"Education","Skills & DIY","Crafting Guides","Woodworking","DIY","DIY Bookshelf Build Video","DIY Bookshelf Tutorial"
"Education","Skills & DIY","Crafting Guides","Woodworking","DIY","Wooden Toy Crafting Tutorial","DIY Wooden Toy Car"
"Education","Skills & DIY","Crafting Guides","Woodworking","Tutorials","Wood Joint Tutorial Video","Dovetail Joint Tutorial"
"Education","Skills & DIY","Crafting Guides","Woodworking","Tutorials","Sanding Basics Guide","Sanding Wood 101"
"Education","Skills & DIY","Crafting Guides","Sewing Projects","Guide","Sewing Basics Guidebook","Sewing 101 Guide"
"Education","Skills & DIY","Crafting Guides","Sewing Projects","Guide","Dressmaking Starter Guide","Beginner Dressmaking"
"Education","Skills & DIY","Crafting Guides","Sewing Projects","Showcase","Handmade Quilt Showcase Video","Quilt Showcase"
"Education","Skills & DIY","Crafting Guides","Sewing Projects","Showcase","Custom Bag Creation Clip","Custom Tote Bag Video"
"Education","Science & Discovery","Space Exploration","Planetary Studies","Explained","Mars Surface Explainer Video","Mars Surface Explained"
"Education","Science & Discovery","Space Exploration","Planetary Studies","Explained","Jupiter Moons Breakdown","Jupiter’s Moons Explained"
"Education","Science & Discovery","Space Exploration","Planetary Studies","Update","Latest Mars Rover Update","Perseverance Update 2023"
"Education","Science & Discovery","Space Exploration","Planetary Studies","Update","Exoplanet Discovery Report","New Exoplanet Found"
"Education","Science & Discovery","Space Exploration","Space Missions","Recap","Apollo Mission Recap Post","Apollo 11 Recap"
"Education","Science & Discovery","Space Exploration","Space Missions","Recap","SpaceX Launch Summary Video","SpaceX Starship Recap"
"Education","Science & Discovery","Space Exploration","Space Missions","Analysis","Mission Success Analysis","Apollo 13 Analysis"
"Education","Science & Discovery","Space Exploration","Space Missions","Analysis","Launch Failure Breakdown","Challenger Disaster Breakdown"
"Education","Science & Discovery","Nature Studies","Wildlife Behavior","Vlogs","Wildlife Observation Vlog","Safari Vlog in Africa"
"Education","Science & Discovery","Nature Studies","Wildlife Behavior","Vlogs","Forest Animal Video Diary","Forest Wildlife Vlog"
"Education","Science & Discovery","Nature Studies","Wildlife Behavior","Observation","Predator Behavior Clip","Lion Hunting Footage"
"Education","Science & Discovery","Nature Studies","Wildlife Behavior","Observation","Bird Migration Footage","Bird Migration Video"
"Education","Science & Discovery","Nature Studies","Ecosystem Analysis","Breakdown","Rainforest Ecosystem Breakdown","Amazon Rainforest Breakdown"
"Education","Science & Discovery","Nature Studies","Ecosystem Analysis","Breakdown","Desert Life Analysis Video","Sahara Desert Life"
"Education","Science & Discovery","Nature Studies","Ecosystem Analysis","Case Study","Coral Reef Case Study Post","Great Barrier Reef Study"
"Education","Science & Discovery","Nature Studies","Ecosystem Analysis","Case Study","Wetland Ecosystem Report","Everglades Ecosystem Report"
"Lifestyle","Fitness","Yoga","Beginner Flows","Tutorials","Beginner Yoga Flow Video","Yoga for Beginners"
"Lifestyle","Fitness","Yoga","Beginner Flows","Tutorials","Morning Stretch Tutorial","Morning Yoga Stretch"
"Lifestyle","Fitness","Yoga","Beginner Flows","Vlogs","Yoga Beginner Vlog Entry","My First Yoga Vlog"
"Lifestyle","Fitness","Yoga","Beginner Flows","Vlogs","Daily Yoga Practice Video","Daily Yoga Vlog"
"Lifestyle","Fitness","Yoga","Advanced Poses","Challenges","Advanced Pose Challenge Video","30-Day Yoga Challenge"
"Lifestyle","Fitness","Yoga","Advanced Poses","Challenges","30-Day Yoga Challenge Clip","Yoga Challenge Day 1"
"Lifestyle","Fitness","Yoga","Advanced Poses","Tips","Advanced Yoga Tips Post","Advanced Yoga Tips"
"Lifestyle","Fitness","Yoga","Advanced Poses","Tips","Pose Mastery Quick Tip","Mastering Crow Pose"
"Lifestyle","Fitness","Strength Training","Weightlifting","Guide","Weightlifting Basics Guide","Weightlifting 101"
"Lifestyle","Fitness","Strength Training","Weightlifting","Guide","Powerlifting Starter Manual","Powerlifting Basics"
"Lifestyle","Fitness","Strength Training","Weightlifting","Test","Bench Press Test Video","Bench Press Form Check"
"Lifestyle","Fitness","Strength Training","Weightlifting","Test","Squat Form Trial Clip","Squat Form Test"
"Lifestyle","Fitness","Strength Training","Bodyweight Exercises","Tutorials","Push-Up Tutorial Video","Perfect Push-Up Tutorial"
"Lifestyle","Fitness","Strength Training","Bodyweight Exercises","Tutorials","Plank Form Guide","Plank Tutorial"
"Lifestyle","Fitness","Strength Training","Bodyweight Exercises","Experiment","No-Gym Workout Experiment","No-Gym Challenge"
"Lifestyle","Fitness","Strength Training","Bodyweight Exercises","Experiment","Bodyweight Challenge Results","Bodyweight Results"
"Lifestyle","Food & Cooking","Recipes","Vegan Dishes","Recipes","Vegan Pasta Recipe Post","Vegan Pasta Recipe"
"Lifestyle","Food & Cooking","Recipes","Vegan Dishes","Recipes","Plant-Based Dessert Recipe","Vegan Chocolate Cake"
"Lifestyle","Food & Cooking","Recipes","Vegan Dishes","Tutorials","Vegan Meal Prep Tutorial","Vegan Meal Prep Guide"
"Lifestyle","Food & Cooking","Recipes","Vegan Dishes","Tutorials","Easy Vegan Snack Video","Quick Vegan Snacks"
"Lifestyle","Food & Cooking","Recipes","Quick Meals","Tips","Quick Meal Prep Tips Post","5 Quick Meal Tips"
"Lifestyle","Food & Cooking","Recipes","Quick Meals","Tips","Fast Cooking Hacks Video","Fast Cooking Hacks"
"Lifestyle","Food & Cooking","Recipes","Quick Meals","Hack","Microwave Meal Hack Clip","Microwave Hacks"
"Lifestyle","Food & Cooking","Recipes","Quick Meals","Hack","One-Pan Dinner Shortcut","One-Pan Meal Hack"
"Lifestyle","Food & Cooking","Cooking Techniques","Baking Skills","Demo","Bread Baking Demo Video","Sourdough Bread Demo"
"Lifestyle","Food & Cooking","Cooking Techniques","Baking Skills","Demo","Cake Decorating Showcase","Cake Decorating Demo"
"Lifestyle","Food & Cooking","Cooking Techniques","Baking Skills","Guide","Baking Basics Guidebook","Baking 101 Guide"
"Lifestyle","Food & Cooking","Cooking Techniques","Baking Skills","Guide","Pastry Techniques Manual","Pastry Basics Guide"
"Lifestyle","Food & Cooking","Cooking Techniques","Grilling Tips","Tips","Grilling Basics Tip Post","Grilling Tips for Beginners"
"Lifestyle","Food & Cooking","Cooking Techniques","Grilling Tips","Tips","BBQ Flavor Hacks","BBQ Hacks Video"
"Lifestyle","Food & Cooking","Cooking Techniques","Grilling Tips","Vlogs","Grill Day Vlog Entry","BBQ Day Vlog"
"Lifestyle","Food & Cooking","Cooking Techniques","Grilling Tips","Vlogs","Backyard BBQ Video Diary","Backyard BBQ Vlog"
"Lifestyle","Fashion & Beauty","Makeup Tutorials","Daily Looks","Tutorials","Daily Makeup Tutorial Video","Everyday Makeup Tutorial"
"Lifestyle","Fashion & Beauty","Makeup Tutorials","Daily Looks","Tutorials","Office Look Step-by-Step","Office Makeup Tutorial"
"Lifestyle","Fashion & Beauty","Makeup Tutorials","Daily Looks","Try-On","Everyday Makeup Try-On Video","Daily Makeup Try-On"
"Lifestyle","Fashion & Beauty","Makeup Tutorials","Daily Looks","Try-On","Natural Glow Product Test","Natural Makeup Try-On"
"Lifestyle","Fashion & Beauty","Makeup Tutorials","Special Effects","Demo","Cosplay Makeup Demo Clip","Cosplay Makeup Demo"
"Lifestyle","Fashion & Beauty","Makeup Tutorials","Special Effects","Demo","Halloween Look Showcase","Halloween Makeup Demo"
"Lifestyle","Fashion & Beauty","Makeup Tutorials","Special Effects","Challenges","Special Effects Challenge Video","SFX Makeup Challenge"
"Lifestyle","Fashion & Beauty","Makeup Tutorials","Special Effects","Challenges","Fantasy Makeup Contest Entry","Fantasy Makeup Challenge"
"Lifestyle","Fashion & Beauty","Fashion Trends","Streetwear","Haul","Streetwear Haul Video","Streetwear Haul 2023"
"Lifestyle","Fashion & Beauty","Fashion Trends","Streetwear","Haul","Sneaker Collection Haul","Sneaker Haul Video"
"Lifestyle","Fashion & Beauty","Fashion Trends","Streetwear","Showcase","Streetwear Outfit Showcase","Streetwear Lookbook"
"Lifestyle","Fashion & Beauty","Fashion Trends","Streetwear","Showcase","Urban Style Lookbook Video","Urban Fashion Lookbook"
"Lifestyle","Fashion & Beauty","Fashion Trends","High Fashion","Reviews","Runway Fashion Review Post","Paris Fashion Week Review"
"Lifestyle","Fashion & Beauty","Fashion Trends","High Fashion","Reviews","Designer Collection Critique","Chanel Collection Review"
"Lifestyle","Fashion & Beauty","Fashion Trends","High Fashion","Tour","Fashion Week Tour Video","NYFW 2023 Tour"
"Lifestyle","Fashion & Beauty","Fashion Trends","High Fashion","Tour","Couture Showroom Visit Clip","Couture Atelier Visit"
"Technology","Consumer Tech","Gadget Reviews","Smartphones","Reviews","Latest Smartphone Review Post","iPhone 15 Review"
"Technology","Consumer Tech","Gadget Reviews","Smartphones","Reviews","Budget Phone Critique Article","Poco X5 Review"
"Technology","Consumer Tech","Gadget Reviews","Smartphones","Unboxing","New Smartphone Unboxing Video","Samsung S23 Unboxing"
"Technology","Consumer Tech","Gadget Reviews","Smartphones","Unboxing","Flagship Phone Reveal Clip","Google Pixel 8 Unboxing"
"Technology","Consumer Tech","Gadget Reviews","Wearables","First Impressions","Smartwatch First Look Video","Apple Watch Ultra First Look"
"Technology","Consumer Tech","Gadget Reviews","Wearables","First Impressions","Fitness Tracker Initial Review","Fitbit Charge 5 First Impressions"
"Technology","Consumer Tech","Gadget Reviews","Wearables","Comparison","Wearables Comparison Chart","Apple Watch vs Fitbit Comparison"
"Technology","Consumer Tech","Gadget Reviews","Wearables","Comparison","Smartwatch vs Tracker Video","Smartwatch vs Fitness Tracker"
"Technology","Consumer Tech","Smart Devices","Home Automation","Tutorials","Smart Light Setup Tutorial","Philips Hue Setup Guide"
"Technology","Consumer Tech","Smart Devices","Home Automation","Tutorials","Voice Assistant Guide Video","Alexa Setup Tutorial"
"Technology","Consumer Tech","Smart Devices","Home Automation","Setup","Home Automation Setup Guide","Smart Home Setup 101"
"Technology","Consumer Tech","Smart Devices","Home Automation","Setup","Smart Home Installation Clip","Google Nest Installation"
"Technology","Consumer Tech","Smart Devices","IoT Gadgets","Demo","Smart Lock Demo Video","August Smart Lock Demo"
"Technology","Consumer Tech","Smart Devices","IoT Gadgets","Demo","Connected Thermostat Showcase","Nest Thermostat Demo"
"Technology","Consumer Tech","Smart Devices","IoT Gadgets","Hack","IoT Energy-Saving Hack Post","Smart Home Energy Hacks"
"Technology","Consumer Tech","Smart Devices","IoT Gadgets","Hack","Smart Device Shortcut Video","IoT Shortcuts You Need"
"Technology","Software & Coding","App Development","Mobile Apps","Tutorials","iOS App Tutorial Video","iOS App Development Tutorial"
"Technology","Software & Coding","App Development","Mobile Apps","Tutorials","Android App Coding Guide","Android App Tutorial"
"Technology","Software & Coding","App Development","Mobile Apps","Walkthrough","Mobile App Build Walkthrough","Build an App with Flutter"
"Technology","Software & Coding","App Development","Mobile Apps","Walkthrough","App Feature Coding Video","Coding App Features in Swift"
"Technology","Software & Coding","App Development","Desktop Software","Guide","Desktop App Development Guide","Desktop App with Python"
"Technology","Software & Coding","App Development","Desktop Software","Guide","Software Design Basics Manual","Software Design Basics"
"Technology","Software & Coding","App Development","Desktop Software","Demo","Productivity Tool Demo Clip","Notion App Demo"
"Technology","Software & Coding","App Development","Desktop Software","Demo","Design Software Showcase","Adobe XD Showcase"
"Technology","Software & Coding","Programming Skills","Code Debugging","Tips","Debugging Tips Post","Debugging Tips for Beginners"
"Technology","Software & Coding","Programming Skills","Code Debugging","Tips","Bug Fix Quick Tip Video","Quick Bug Fixes in Python"
"Technology","Software & Coding","Programming Skills","Code Debugging","Q&A","Debugging Q&A Session","Live Debugging Q&A"
"Technology","Software & Coding","Programming Skills","Code Debugging","Q&A","Common Bugs Answered Video","Common Coding Bugs Explained"
"Technology","Software & Coding","Programming Skills","Best Practices","Explained","Clean Code Explainer Video","Clean Code Principles"
"Technology","Software & Coding","Programming Skills","Best Practices","Explained","Coding Standards Breakdown","Coding Standards 101"
"Technology","Software & Coding","Programming Skills","Best Practices","Case Study","Code Refactor Case Study","Refactoring Example"
"Technology","Software & Coding","Programming Skills","Best Practices","Case Study","Best Practice Example Post","Best Coding Practices Demo"
"Technology","Digital Culture","Internet Trends","Social Media Shifts","Update","Platform Update Summary","TikTok Algorithm Update 2023"
"Technology","Digital Culture","Internet Trends","Social Media Shifts","Update","Social Media Trend Report","Instagram Trends 2023"
"Technology","Digital Culture","Internet Trends","Social Media Shifts","Analysis","Algorithm Change Analysis","YouTube Algorithm Analysis"
"Technology","Digital Culture","Internet Trends","Social Media Shifts","Analysis","Trend Impact Breakdown Video","Social Media Trends Breakdown"
"Technology","Digital Culture","Internet Trends","Meme Culture","Reaction","Viral Meme Reaction Video","Viral Meme Reactions 2023"
"Technology","Digital Culture","Internet Trends","Meme Culture","Reaction","Meme Trend Response Clip","Meme Reaction Compilation"
"Technology","Digital Culture","Internet Trends","Meme Culture","Compilation","Top Memes Compilation Video","Best Memes of 2023"
"Technology","Digital Culture","Internet Trends","Meme Culture","Compilation","Meme Evolution Reel","Meme Evolution 2020-2023"
"Technology","Digital Culture","Digital Media","Video Content","Tutorials","Video Editing Tutorial Video","Video Editing for Beginners"
"Technology","Digital Culture","Digital Media","Video Content","Tutorials","Short-Form Video Guide","TikTok Editing Tutorial"
"Technology","Digital Culture","Digital Media","Video Content","Behind-the-Scenes","Video Creation BTS Clip","BTS of a YouTube Video"
"Technology","Digital Culture","Digital Media","Video Content","Behind-the-Scenes","Editing Process Reveal","Editing BTS with Premiere Pro"
"Technology","Digital Culture","Digital Media","Podcasts","Podcasts","Tech Trends Podcast Episode","Tech Trends Podcast 2023"
"Technology","Digital Culture","Digital Media","Podcasts","Podcasts","Digital Culture Audio Chat","Digital Culture Podcast"
"Technology","Digital Culture","Digital Media","Podcasts","Interview","Creator Interview Podcast","YouTuber Interview Podcast"
"Technology","Digital Culture","Digital Media","Podcasts","Interview","Tech Expert Audio Q&A","Tech Expert Q&A Podcast"
"Technology","Emerging Tech","AI Applications","Chatbots","Demo","Chatbot Demo Video","ChatGPT Demo"
"Technology","Emerging Tech","AI Applications","Chatbots","Demo","AI Assistant Showcase Clip","Google Bard Showcase"
"Technology","Emerging Tech","AI Applications","Chatbots","Explained","Chatbot Tech Explainer Video","How Chatbots Work"
"Technology","Emerging Tech","AI Applications","Chatbots","Explained","AI Chat Basics Breakdown","AI Chat Basics"
"Technology","Emerging Tech","AI Applications","Machine Learning","Tutorials","ML Model Tutorial Video","Machine Learning Tutorial"
"Technology","Emerging Tech","AI Applications","Machine Learning","Tutorials","AI Training Guide","Training AI Models"
"Technology","Emerging Tech","AI Applications","Machine Learning","Case Study","ML Project Case Study Post","ML Case Study: Image Recognition"
"Technology","Emerging Tech","AI Applications","Machine Learning","Case Study","AI Prediction Example Video","AI Prediction Demo"
"Technology","Emerging Tech","Blockchain Tech","Cryptocurrencies","Reviews","Crypto Wallet Review Post","Ledger Nano X Review"
"Technology","Emerging Tech","Blockchain Tech","Cryptocurrencies","Reviews","Coin Security Critique","Coinbase Security Review"
"Technology","Emerging Tech","Blockchain Tech","Cryptocurrencies","Lists","Top 5 Crypto Listicle","Top 5 Cryptos of 2023"
"Technology","Emerging Tech","Blockchain Tech","Cryptocurrencies","Lists","Crypto Trends Countdown Video","Crypto Trends 2023"
"Technology","Emerging Tech","Blockchain Tech","Smart Contracts","Guide","Smart Contract Basics Guide","Smart Contracts 101"
"Technology","Emerging Tech","Blockchain Tech","Smart Contracts","Guide","Ethereum Contract Manual","Ethereum Smart Contract Guide"
"Technology","Emerging Tech","Blockchain Tech","Smart Contracts","Analysis","Contract Security Analysis","Smart Contract Security"
"Technology","Emerging Tech","Blockchain Tech","Smart Contracts","Analysis","Smart Contract Use Case Video","Smart Contract Use Cases"
"News & Commentary","Current Events","Breaking News","Live Updates","Live","Live Disaster Coverage Stream","Hurricane Live Coverage 2023"
"News & Commentary","Current Events","Breaking News","Live Updates","Live","Breaking News Live Broadcast","Breaking News Live 2023"
"News & Commentary","Current Events","Breaking News","Live Updates","Update","Disaster Update Report","Earthquake Update 2023"
"News & Commentary","Current Events","Breaking News","Live Updates","Update","Tech Breakthrough Alert","AI Breakthrough News"
"News & Commentary","Current Events","Breaking News","Event Recaps","Recap","Protest Recap Summary","BLM Protest Recap"
"News & Commentary","Current Events","Breaking News","Event Recaps","Recap","Sports Event Wrap-Up Post","Super Bowl 2023 Recap"
"News & Commentary","Current Events","Breaking News","Event Recaps","Rundown","Daily Event Rundown Video","Daily News Rundown"
"News & Commentary","Current Events","Breaking News","Event Recaps","Rundown","Quick News Recap Clip","Quick News Recap 2023"
"News & Commentary","Current Events","Daily Updates","News Briefs","Mini","Morning News Brief Video","Morning News Brief"
"News & Commentary","Current Events","Daily Updates","News Briefs","Mini","Evening News Short Clip","Evening News Short"
"News & Commentary","Current Events","Daily Updates","News Briefs","Roundup","Weekly News Roundup Post","Weekly News Roundup"
"News & Commentary","Current Events","Daily Updates","News Briefs","Roundup","Daily Highlights Summary","Daily News Highlights"
"News & Commentary","Current Events","Daily Updates","Morning Reports","Vlogs","Morning News Vlog Entry","Morning News Vlog"
"News & Commentary","Current Events","Daily Updates","Morning Reports","Vlogs","Daily Update Video Diary","Daily Update Vlog"
"News & Commentary","Current Events","Daily Updates","Morning Reports","Overview","Morning News Overview Video","Morning News Overview"
"News & Commentary","Current Events","Daily Updates","Morning Reports","Overview","Daily Events Snapshot","Daily Events Snapshot"
"News & Commentary","Politics & Opinion","Debates","Live Discussions","Debate","Election Debate Video","2024 Election Debate"
"News & Commentary","Politics & Opinion","Debates","Live Discussions","Debate","Policy Debate Recording","Healthcare Policy Debate"
"News & Commentary","Politics & Opinion","Debates","Live Discussions","Live","Live Policy Discussion Stream","Live Policy Discussion"
"News & Commentary","Politics & Opinion","Debates","Live Discussions","Live","Real-Time Debate Broadcast","Real-Time Debate 2023"
"News & Commentary","Politics & Opinion","Debates","Opinion Clashes","Rant","Political Rant Video","Political Rant 2023"
"News & Commentary","Politics & Opinion","Debates","Opinion Clashes","Rant","Hot Topic Opinion Piece","Gun Control Rant"
"News & Commentary","Politics & Opinion","Debates","Opinion Clashes","Challenges","Opinion Clash Challenge","Debate Challenge 2023"
"News & Commentary","Politics & Opinion","Debates","Opinion Clashes","Challenges","Debate Face-Off Video","Debate Face-Off"
"News & Commentary","Politics & Opinion","Policy Analysis","Legislation Reviews","Breakdown","Bill Breakdown Video","Tax Bill Breakdown"
"News & Commentary","Politics & Opinion","Policy Analysis","Legislation Reviews","Breakdown","Law Impact Analysis","Climate Law Analysis"
"News & Commentary","Politics & Opinion","Policy Analysis","Legislation Reviews","Explained","Legislation Explainer Post","Healthcare Bill Explained"
"News & Commentary","Politics & Opinion","Policy Analysis","Legislation Reviews","Explained","Policy Change Breakdown","Immigration Policy Breakdown"
"News & Commentary","Politics & Opinion","Policy Analysis","Election Insights","Analysis","Campaign Analysis Report","2024 Campaign Analysis"
"News & Commentary","Politics & Opinion","Policy Analysis","Election Insights","Analysis","Voter Trend Breakdown Video","Voter Trends 2023"
"News & Commentary","Politics & Opinion","Policy Analysis","Election Insights","Lists","Top Election Issues Listicle","Top 5 Election Issues"
"News & Commentary","Politics & Opinion","Policy Analysis","Election Insights","Lists","Key Candidate Countdown","Top Candidates 2024"
"News & Commentary","Politics & Opinion","Conspiracy Theories","Government Secrets","Deep Dive","Area 51 Deep Dive Video","Area 51 Exposed"
"News & Commentary","Politics & Opinion","Conspiracy Theories","Government Secrets","Deep Dive","Deep State Investigation Post","Deep State Secrets"
"News & Commentary","Politics & Opinion","Conspiracy Theories","Government Secrets","Explained","Cover-Up Explainer Video","Government Cover-Ups Explained"
"News & Commentary","Politics & Opinion","Conspiracy Theories","Government Secrets","Explained","Secret Agency Breakdown","CIA Secrets Breakdown"
"News & Commentary","Politics & Opinion","Conspiracy Theories","Event Mysteries","Storytime","JFK Conspiracy Story Video","JFK Assassination Story"
"News & Commentary","Politics & Opinion","Conspiracy Theories","Event Mysteries","Storytime","Moon Landing Tale Audio","Moon Landing Hoax Tale"
"News & Commentary","Politics & Opinion","Conspiracy Theories","Event Mysteries","Debate","Conspiracy Debate Video","UFO Debate 2023"
"News & Commentary","Politics & Opinion","Conspiracy Theories","Event Mysteries","Debate","Mystery Theory Discussion","9/11 Conspiracy Debate"
"News & Commentary","Culture & Society","Social Issues","Justice Topics","Podcasts","Justice Issue Podcast Episode","Prison Reform Podcast"
"News & Commentary","Culture & Society","Social Issues","Justice Topics","Podcasts","Prison Reform Audio Chat","Justice System Chat"
"News & Commentary","Culture & Society","Social Issues","Justice Topics","Advocacy","Justice Reform Advocacy Video","Justice Reform Advocacy"
"News & Commentary","Culture & Society","Social Issues","Justice Topics","Advocacy","Court Case Support Post","Court Case Advocacy"
"News & Commentary","Culture & Society","Social Issues","Community Stories","Vlogs","Local Hero Vlog Entry","Local Hero Vlog"
"News & Commentary","Culture & Society","Social Issues","Community Stories","Vlogs","Neighborhood Story Video","Neighborhood Story Vlog"
"News & Commentary","Culture & Society","Social Issues","Community Stories","Interview","Community Leader Interview","Community Leader Q&A"
"News & Commentary","Culture & Society","Social Issues","Community Stories","Interview","Resident Story Audio Clip","Resident Story Interview"
"News & Commentary","Culture & Society","Cultural Trends","Fashion Shifts","Trends","Fashion Trend Report Post","Fashion Trends 2023"
"News & Commentary","Culture & Society","Cultural Trends","Fashion Shifts","Trends","Style Shift Update Video","Style Trends Update"
"News & Commentary","Culture & Society","Cultural Trends","Fashion Shifts","Roundup","Monthly Fashion Roundup","Monthly Fashion Roundup"
"News & Commentary","Culture & Society","Cultural Trends","Fashion Shifts","Roundup","Seasonal Trends Summary","Seasonal Fashion Summary"
"News & Commentary","Culture & Society","Cultural Trends","Tech Impacts","Analysis","Tech Culture Analysis Post","Tech Culture Analysis"
"News & Commentary","Culture & Society","Cultural Trends","Tech Impacts","Analysis","Digital Impact Breakdown Video","Digital Culture Breakdown"
"News & Commentary","Culture & Society","Cultural Trends","Tech Impacts","Commentary","Tech Lifestyle Commentary","Tech Lifestyle Commentary"
"News & Commentary","Culture & Society","Cultural Trends","Tech Impacts","Commentary","Gadget Culture Opinion Piece","Gadget Culture Opinion"
"News & Commentary","Culture & Society","Crime Narratives","Case Studies","Podcasts","Serial Killer Podcast Episode","Serial Killer Podcast"
"News & Commentary","Culture & Society","Crime Narratives","Case Studies","Podcasts","Cold Case Audio Recap","Cold Case Chronicles"
"News & Commentary","Culture & Society","Crime Narratives","Case Studies","Case Study","Famous Case Study Article","Zodiac Killer Case Study"
"News & Commentary","Culture & Society","Crime Narratives","Case Studies","Case Study","Unsolved Mystery Report","DB Cooper Case Study"
"News & Commentary","Culture & Society","Crime Narratives","Investigations","Explained","Forensic Tech Explainer Video","Forensic Science Explained"
"News & Commentary","Culture & Society","Crime Narratives","Investigations","Explained","Crime Scene Breakdown Post","Crime Scene Analysis"
"News & Commentary","Culture & Society","Crime Narratives","Investigations","Vlogs","Investigation Vlog Entry","Crime Investigation Vlog"
"News & Commentary","Culture & Society","Crime Narratives","Investigations","Vlogs","Crime Scene Visit Video","Crime Scene Vlog"
"Creative Arts","Visual Arts","Drawing","Sketching Techniques","Tutorials","Pencil Sketch Tutorial Video","Pencil Sketching Tutorial"
"Creative Arts","Visual Arts","Drawing","Sketching Techniques","Tutorials","Ink Drawing Step-by-Step","Ink Drawing Tutorial"
"Creative Arts","Visual Arts","Drawing","Sketching Techniques","Tips","Sketching Quick Tips Post","Sketching Tips for Beginners"
"Creative Arts","Visual Arts","Drawing","Sketching Techniques","Tips","Drawing Technique Hack Video","Drawing Hacks"
"Creative Arts","Visual Arts","Drawing","Illustration Styles","Guide","Cartoon Style Guidebook","Cartoon Drawing Guide"
"Creative Arts","Visual Arts","Drawing","Illustration Styles","Guide","Realism Drawing Manual","Realistic Drawing Tutorial"
"Creative Arts","Visual Arts","Drawing","Illustration Styles","Showcase","Illustration Style Showcase Video","Illustration Showcase"
"Creative Arts","Visual Arts","Drawing","Illustration Styles","Showcase","Drawing Portfolio Clip","Drawing Portfolio Video"
"Creative Arts","Visual Arts","Digital Art","Graphic Design","Tutorials","Logo Design Tutorial Video","Logo Design Tutorial"
"Creative Arts","Visual Arts","Digital Art","Graphic Design","Tutorials","Poster Creation Guide","Poster Design Tutorial"
"Creative Arts","Visual Arts","Digital Art","Graphic Design","Demo","Graphic Design Demo Clip","Graphic Design Demo"
"Creative Arts","Visual Arts","Digital Art","Graphic Design","Demo","Design Tool Showcase Video","Photoshop Showcase"
"Creative Arts","Visual Arts","Digital Art","3D Modeling","Tutorials","Character Modeling Tutorial","3D Character Modeling"
"Creative Arts","Visual Arts","Digital Art","3D Modeling","Tutorials","3D Environment Guide Video","3D Environment Tutorial"
"Creative Arts","Visual Arts","Digital Art","3D Modeling","Behind-the-Scenes","Modeling Process BTS Clip","3D Modeling BTS"
"Creative Arts","Visual Arts","Digital Art","3D Modeling","Behind-the-Scenes","3D Art Creation Reveal","3D Art Creation Process"
"Creative Arts","Music Creation","Songwriting","Lyric Writing","Tips","Lyric Writing Tips Post","Lyric Writing Tips"
"Creative Arts","Music Creation","Songwriting","Lyric Writing","Tips","Song Lyric Quick Tip Video","Quick Lyric Tips"
"Creative Arts","Music Creation","Songwriting","Lyric Writing","Tutorials","Lyric Crafting Tutorial","Lyric Writing Tutorial"
"Creative Arts","Music Creation","Songwriting","Lyric Writing","Tutorials","Writing Hooks Guide Video","Writing Hooks Tutorial"
"Creative Arts","Music Creation","Songwriting","Melody Crafting","Guide","Melody Basics Guidebook","Melody Writing Guide"
"Creative Arts","Music Creation","Songwriting","Melody Crafting","Guide","Chord Progression Manual","Chord Progressions 101"
"Creative Arts","Music Creation","Songwriting","Melody Crafting","Experiment","Melody Experiment Audio","Melody Experiment"
"Creative Arts","Music Creation","Songwriting","Melody Crafting","Experiment","Hook Testing Clip","Hook Testing Video"
"Creative Arts","Music Creation","Music Production","Beat Making","Tutorials","Hip-Hop Beat Tutorial Video","Hip-Hop Beat Tutorial"
"Creative Arts","Music Creation","Music Production","Beat Making","Tutorials","Electronic Beat Guide","Electronic Beat Tutorial"
"Creative Arts","Music Creation","Music Production","Beat Making","Demo","Beat Creation Demo Clip","Beat Making Demo"
"Creative Arts","Music Creation","Music Production","Beat Making","Demo","Rhythm Showcase Audio","Rhythm Showcase"
"Creative Arts","Music Creation","Music Production","Mixing Techniques","Tips","Mixing Tips Post","Mixing Tips for Beginners"
"Creative Arts","Music Creation","Music Production","Mixing Techniques","Tips","Audio Balance Quick Tip","Audio Balance Tips"
"Creative Arts","Music Creation","Music Production","Mixing Techniques","Walkthrough","Mixing Walkthrough Video","Mixing Walkthrough"
"Creative Arts","Music Creation","Music Production","Mixing Techniques","Walkthrough","Track Mastering Guide","Mastering Tutorial"
"Creative Arts","Writing & Storytelling","Fiction Writing","Short Stories","Storytime","Short Story Reading Video","Short Story Reading"
"Creative Arts","Writing & Storytelling","Fiction Writing","Short Stories","Storytime","Sci-Fi Tale Audio Clip","Sci-Fi Story Audio"
"Creative Arts","Writing & Storytelling","Fiction Writing","Short Stories","Mini","Flash Fiction Short Post","Flash Fiction Reading"
"Creative Arts","Writing & Storytelling","Fiction Writing","Short Stories","Mini","Quick Fantasy Tale","Quick Fantasy Story"
"Creative Arts","Writing & Storytelling","Fiction Writing","Novels","Guide","Novel Writing Guidebook","Novel Writing Guide"
"Creative Arts","Writing & Storytelling","Fiction Writing","Novels","Guide","Plot Development Manual","Plot Development Tutorial"
"Creative Arts","Writing & Storytelling","Fiction Writing","Novels","Breakdown","Novel Structure Breakdown","Novel Structure Explained"
"Creative Arts","Writing & Storytelling","Fiction Writing","Novels","Breakdown","Character Arc Analysis Video","Character Arc Breakdown"
"Creative Arts","Writing & Storytelling","Poetry","Spoken Word","Performance","Slam Poetry Performance Video","Slam Poetry Performance"
"Creative Arts","Writing & Storytelling","Poetry","Spoken Word","Performance","Live Poetry Reading Clip","Live Poetry Reading"
"Creative Arts","Writing & Storytelling","Poetry","Spoken Word","Recital","Poetry Recital Audio","Poetry Recital"
"Creative Arts","Writing & Storytelling","Poetry","Spoken Word","Recital","Spoken Word Event Recording","Spoken Word Event"
"Creative Arts","Writing & Storytelling","Poetry","Written Verse","Showcase","Poetry Collection Showcase","Poetry Collection Video"
"Creative Arts","Writing & Storytelling","Poetry","Written Verse","Showcase","Haiku Series Post","Haiku Series Reading"
"Creative Arts","Writing & Storytelling","Poetry","Written Verse","Lists","Top 10 Poems Listicle","Top 10 Poems of All Time"
"Creative Arts","Writing & Storytelling","Poetry","Written Verse","Lists","Poetry Styles Countdown","Poetry Styles Countdown"
"Gaming","Gameplay & Streams","Live Streams","Competitive Play","Live","Competitive Match Live Stream","CS:GO Competitive Live"
"Gaming","Gameplay & Streams","Live Streams","Competitive Play","Live","Ranked Game Broadcast","Valorant Ranked Live"
"Gaming","Gameplay & Streams","Live Streams","Competitive Play","Playthrough","Full Match Playthrough Video","Overwatch Full Match"
"Gaming","Gameplay & Streams","Live Streams","Competitive Play","Playthrough","Tournament Game Replay","League of Legends Tournament Replay"
"Gaming","Gameplay & Streams","Live Streams","Casual Sessions","Vlogs","Casual Gaming Vlog Entry","Minecraft Casual Vlog"
"Gaming","Gameplay & Streams","Live Streams","Casual Sessions","Vlogs","Chill Stream Video Diary","Animal Crossing Chill Stream"
"Gaming","Gameplay & Streams","Live Streams","Casual Sessions","Reaction","Game Fail Reaction Clip","Among Us Fail Reactions"
"Gaming","Gameplay & Streams","Live Streams","Casual Sessions","Reaction","Funny Moment Response Video","GTA V Funny Moments"
"Gaming","Gameplay & Streams","Walkthroughs","Story Guides","Walkthrough","RPG Story Walkthrough Video","Elden Ring Walkthrough"
"Gaming","Gameplay & Streams","Walkthroughs","Story Guides","Walkthrough","Adventure Game Path Guide","Zelda Breath of the Wild Guide"
"Gaming","Gameplay & Streams","Walkthroughs","Story Guides","Guide","Story Mode Guidebook","The Witcher 3 Story Guide"
"Gaming","Gameplay & Streams","Walkthroughs","Story Guides","Guide","Game Narrative Manual","Cyberpunk 2077 Narrative Guide"
"Gaming","Gameplay & Streams","Walkthroughs","Puzzle Solutions","Tutorials","Puzzle Solution Tutorial Video","Portal 2 Puzzle Tutorial"
"Gaming","Gameplay & Streams","Walkthroughs","Puzzle Solutions","Tutorials","Escape Room Guide Clip","The Witness Puzzle Guide"
"Gaming","Gameplay & Streams","Walkthroughs","Puzzle Solutions","Tips","Puzzle-Solving Tips Post","Puzzle Tips for Beginners"
"Gaming","Gameplay & Streams","Walkthroughs","Puzzle Solutions","Tips","Quick Puzzle Hack Video","Quick Puzzle Hacks"
"Gaming","Game Culture","Game Reviews","New Releases","Reviews","New Game Review Post","Starfield Review"
"Gaming","Game Culture","Game Reviews","New Releases","Reviews","Launch Day Critique Article","Baldur’s Gate 3 Review"
"Gaming","Game Culture","Game Reviews","New Releases","First Impressions","Game First Look Video","Hogwarts Legacy First Look"
"Gaming","Game Culture","Game Reviews","New Releases","First Impressions","Initial Gameplay Reaction","Spider-Man 2 First Impressions"
"Gaming","Game Culture","Game Reviews","Retro Games","Recap","Retro Game Recap Post","Super Mario 64 Recap"
"Gaming","Game Culture","Game Reviews","Retro Games","Recap","Classic Game Summary Video","Final Fantasy VII Summary"
"Gaming","Game Culture","Game Reviews","Retro Games","Comparison","Retro vs Modern Game Comparison","Retro vs Modern Mario"
"Gaming","Game Culture","Game Reviews","Retro Games","Comparison","Console Classics Video Chart","NES vs SNES Comparison"
"Gaming","Game Culture","Esports","Tournaments","Highlight","Tournament Highlight Reel","CS:GO Major Highlights"
"Gaming","Game Culture","Esports","Tournaments","Highlight","Top Plays Video Clip","Dota 2 Top Plays"
"Gaming","Game Culture","Esports","Tournaments","Montage","Esports Montage Video","League of Legends Montage"
"Gaming","Game Culture","Esports","Tournaments","Montage","Qualifier Highlights Reel","Overwatch Qualifier Highlights"
"Gaming","Game Culture","Esports","Player Profiles","Interview","Pro Player Interview Video","Faker Interview 2023"
"Gaming","Game Culture","Esports","Player Profiles","Interview","Rising Star Audio Q&A","Rising Esports Star Q&A"
"Gaming","Game Culture","Esports","Player Profiles","Behind-the-Scenes","Player Training BTS Clip","Pro Gamer Training BTS"
"Gaming","Game Culture","Esports","Player Profiles","Behind-the-Scenes","Esports Prep Reveal Video","Esports Prep BTS"
"Business & Finance","Investing & Markets","Stock Trading","Technical Analysis","Analysis","Chart Pattern Analysis Post","Stock Chart Patterns"
"Business & Finance","Investing & Markets","Stock Trading","Technical Analysis","Analysis","Indicator Breakdown Video","RSI Indicator Breakdown"
"Business & Finance","Investing & Markets","Stock Trading","Technical Analysis","Tips","Trading Tips Article","Stock Trading Tips"
"Business & Finance","Investing & Markets","Stock Trading","Technical Analysis","Tips","Quick Chart Reading Tip","Chart Reading Tips"
"Business & Finance","Investing & Markets","Stock Trading","Fundamental Analysis","Breakdown","Earnings Report Breakdown","Tesla Earnings Breakdown"
"Business & Finance","Investing & Markets","Stock Trading","Fundamental Analysis","Breakdown","Stock Valuation Analysis","Apple Stock Valuation"
"Business & Finance","Investing & Markets","Stock Trading","Fundamental Analysis","Explained","Fundamentals Explainer Video","Stock Fundamentals Explained"
"Business & Finance","Investing & Markets","Stock Trading","Fundamental Analysis","Explained","Stock Basics Breakdown","Stock Basics 101"
"Business & Finance","Investing & Markets","Cryptocurrency","Crypto Trading","Guide","Crypto Trading Guidebook","Crypto Trading 101"
"Business & Finance","Investing & Markets","Cryptocurrency","Crypto Trading","Guide","Day Trading Basics Manual","Crypto Day Trading Guide"
"Business & Finance","Investing & Markets","Cryptocurrency","Crypto Trading","Live","Live Crypto Trade Stream","Live Crypto Trading"
"Business & Finance","Investing & Markets","Cryptocurrency","Crypto Trading","Live","Real-Time Market Broadcast","Real-Time Crypto Market"
"Business & Finance","Investing & Markets","Cryptocurrency","NFT Markets","Reviews","NFT Platform Review Post","OpenSea Review"
"Business & Finance","Investing & Markets","Cryptocurrency","NFT Markets","Reviews","NFT Collection Critique","Bored Ape NFT Review"
"Business & Finance","Investing & Markets","Cryptocurrency","NFT Markets","Lists","Top 5 NFT Listicle","Top 5 NFTs of 2023"
"Business & Finance","Investing & Markets","Cryptocurrency","NFT Markets","Lists","Hot NFT Drops Countdown","Hot NFT Drops 2023"
"Business & Finance","Entrepreneurship","Startups","Business Plans","Guide","Startup Plan Guidebook","Startup Business Plan"
"Business & Finance","Entrepreneurship","Startups","Business Plans","Guide","Business Model Manual","Business Model Guide"
"Business & Finance","Entrepreneurship","Startups","Business Plans","Case Study","Startup Success Case Study","Airbnb Success Story"
"Business & Finance","Entrepreneurship","Startups","Business Plans","Case Study","Failed Venture Report","Theranos Failure Case"
"Business & Finance","Entrepreneurship","Startups","Funding Strategies","Tips","Funding Tips Post","Startup Funding Tips"
"Business & Finance","Entrepreneurship","Startups","Funding Strategies","Tips","Pitch Prep Quick Tip","Pitch Prep Tips"
"Business & Finance","Entrepreneurship","Startups","Funding Strategies","Pitch","VC Pitch Video Example","VC Pitch Example"
"Business & Finance","Entrepreneurship","Startups","Funding Strategies","Pitch","Crowdfunding Pitch Clip","Kickstarter Pitch Video"
"Business & Finance","Entrepreneurship","Business Skills","Marketing Tactics","Tutorials","SEO Basics Tutorial Video","SEO Basics Tutorial"
"Business & Finance","Entrepreneurship","Business Skills","Marketing Tactics","Tutorials","Ad Campaign Guide","Google Ads Tutorial"
"Business & Finance","Entrepreneurship","Business Skills","Marketing Tactics","Hack","Marketing Hack Post","Marketing Hacks 2023"
"Business & Finance","Entrepreneurship","Business Skills","Marketing Tactics","Hack","Social Media Shortcut Video","Social Media Hacks"
"Business & Finance","Entrepreneurship","Business Skills","Leadership Training","Interview","Leader Interview Video","Elon Musk Interview"
"Business & Finance","Entrepreneurship","Business Skills","Leadership Training","Interview","CEO Q&A Audio Clip","CEO Q&A Podcast"
"Business & Finance","Entrepreneurship","Business Skills","Leadership Training","Motivation","Team Motivation Speech","Team Motivation Talk"
"Business & Finance","Entrepreneurship","Business Skills","Leadership Training","Motivation","Leadership Pep Talk Video","Leadership Pep Talk"
"Business & Finance","Digital Ventures","Online Businesses","E-Commerce","Tutorials","Store Setup Tutorial Video","Shopify Store Setup"
"Business & Finance","Digital Ventures","Online Businesses","E-Commerce","Tutorials","Product Listing Guide","Etsy Listing Tutorial"
"Business & Finance","Digital Ventures","Online Businesses","E-Commerce","Setup","E-Commerce Setup Manual","WooCommerce Setup Guide"
"Business & Finance","Digital Ventures","Online Businesses","E-Commerce","Setup","Online Shop Launch Video","Online Store Launch"
"Business & Finance","Digital Ventures","Online Businesses","Affiliate Marketing","Tips","Affiliate Tips Post","Affiliate Marketing Tips"
"Business & Finance","Digital Ventures","Online Businesses","Affiliate Marketing","Tips","Commission Boost Tip Video","Boost Affiliate Commissions"
"Business & Finance","Digital Ventures","Online Businesses","Affiliate Marketing","Guide","Affiliate Basics Guidebook","Affiliate Marketing 101"
"Business & Finance","Digital Ventures","Online Businesses","Affiliate Marketing","Guide","Niche Selection Manual","Niche Selection Guide"
"Business & Finance","Digital Ventures","Content Monetization","Ad Revenue","Hack","Ad Placement Hack Post","Ad Placement Hacks"
"Business & Finance","Digital Ventures","Content Monetization","Ad Revenue","Hack","Revenue Boost Shortcut Video","Revenue Boost Hacks"
"Business & Finance","Digital Ventures","Content Monetization","Ad Revenue","Analysis","Ad Revenue Analysis Report","YouTube Ad Revenue Analysis"
"Business & Finance","Digital Ventures","Content Monetization","Ad Revenue","Analysis","Monetization Breakdown Video","Monetization Breakdown"
"Business & Finance","Digital Ventures","Content Monetization","Subscriptions","Tutorials","Patreon Setup Tutorial","Patreon Setup Guide"
"Business & Finance","Digital Ventures","Content Monetization","Subscriptions","Tutorials","Membership Guide Video","Membership Site Tutorial"
"Business & Finance","Digital Ventures","Content Monetization","Subscriptions","Strategy","Subscription Strategy Post","Subscription Strategy 101"
"Business & Finance","Digital Ventures","Content Monetization","Subscriptions","Strategy","Fan Funding Plan","Crowdfunding Plan Guide"
"Business & Finance","Personal Finance","Budgeting","Expense Tracking","Tips","Budget Tips Article","Budgeting Tips 2023"
"Business & Finance","Personal Finance","Budgeting","Expense Tracking","Tips","Spending Tracker Quick Tip","Expense Tracking Tips"
"Business & Finance","Personal Finance","Budgeting","Expense Tracking","Vlogs","Budgeting Vlog Entry","Budgeting Vlog 2023"
"Business & Finance","Personal Finance","Budgeting","Expense Tracking","Vlogs","Monthly Spending Video Diary","Monthly Spending Vlog"
"Business & Finance","Personal Finance","Budgeting","Debt Management","Guide","Debt Payoff Guidebook","Debt Payoff Guide"
"Business & Finance","Personal Finance","Budgeting","Debt Management","Guide","Credit Score Basics Manual","Credit Score Basics"
"Business & Finance","Personal Finance","Budgeting","Debt Management","FAQ","Debt FAQ Video","Debt FAQ Answered"
"Business & Finance","Personal Finance","Budgeting","Debt Management","FAQ","Common Debt Questions Post","Common Debt Questions"
"Business & Finance","Personal Finance","Saving Strategies","Retirement Planning","Planning","Retirement Plan Guide","Retirement Planning 101"
"Business & Finance","Personal Finance","Saving Strategies","Retirement Planning","Planning","401k Basics Video","401k Basics Explained"
"Business & Finance","Personal Finance","Saving Strategies","Retirement Planning","Explained","Retirement Explainer Post","Retirement Explained"
"Business & Finance","Personal Finance","Saving Strategies","Retirement Planning","Explained","IRA Basics Breakdown","IRA Basics Video"
"Business & Finance","Personal Finance","Saving Strategies","Emergency Funds","Tips","Savings Tips Post","Emergency Fund Tips"
"Business & Finance","Personal Finance","Saving Strategies","Emergency Funds","Tips","Emergency Fund Quick Tip","Quick Savings Tips"
"Business & Finance","Personal Finance","Saving Strategies","Emergency Funds","Challenge","Savings Challenge Video","Savings Challenge 2023"
"Business & Finance","Personal Finance","Saving Strategies","Emergency Funds","Challenge","Rainy Day Fund Contest","Rainy Day Challenge"
"Health & Wellness","Physical Health","Nutrition","Diet Plans","Guide","Keto Diet Guidebook","Keto Diet Guide"
"Health & Wellness","Physical Health","Nutrition","Diet Plans","Guide","Vegan Nutrition Manual","Vegan Diet Guide"
"Health & Wellness","Physical Health","Nutrition","Diet Plans","Recipes","Keto Meal Recipe Post","Keto Chicken Recipe"
"Health & Wellness","Physical Health","Nutrition","Diet Plans","Recipes","Vegan Dinner Recipe Video","Vegan Curry Recipe"
"Health & Wellness","Physical Health","Nutrition","Supplements","Reviews","Vitamin Supplement Review","Vitamin D Review"
"Health & Wellness","Physical Health","Nutrition","Supplements","Reviews","Protein Powder Critique Post","Protein Powder Review"
"Health & Wellness","Physical Health","Nutrition","Supplements","Comparison","Supplement Comparison Chart","Vitamins vs Minerals"
"Health & Wellness","Physical Health","Nutrition","Supplements","Comparison","Vitamin vs Mineral Video","Vitamin Comparison Video"
"Health & Wellness","Physical Health","Exercise Routines","Cardio Workouts","Tutorials","HIIT Workout Tutorial Video","HIIT Workout Tutorial"
"Health & Wellness","Physical Health","Exercise Routines","Cardio Workouts","Tutorials","Running Plan Guide","Running Plan Tutorial"
"Health & Wellness","Physical Health","Exercise Routines","Cardio Workouts","Challenges","Cardio Challenge Video","Cardio Challenge 2023"
"Health & Wellness","Physical Health","Exercise Routines","Cardio Workouts","Challenges","30-Day Run Challenge","30-Day Running Challenge"
"Health & Wellness","Physical Health","Exercise Routines","Strength Programs","Vlogs","Strength Training Vlog","Strength Training Vlog"
"Health & Wellness","Physical Health","Exercise Routines","Strength Programs","Vlogs","Lift Progress Video Diary","Lift Progress Vlog"
"Health & Wellness","Physical Health","Exercise Routines","Strength Programs","Tips","Muscle Gain Tips Post","Muscle Gain Tips"
"Health & Wellness","Physical Health","Exercise Routines","Strength Programs","Tips","Lift Form Quick Tip","Lift Form Tips"
"Health & Wellness","Mental Health","Therapy Techniques","Counseling Tips","Tips","Counseling Tips Article","Counseling Tips 2023"
"Health & Wellness","Mental Health","Therapy Techniques","Counseling Tips","Tips","Therapy Quick Tip Video","Quick Therapy Tips"
"Health & Wellness","Mental Health","Therapy Techniques","Counseling Tips","Explained","CBT Explainer Video","CBT Explained"
"Health & Wellness","Mental Health","Therapy Techniques","Counseling Tips","Explained","Therapy Basics Breakdown","Therapy Basics 101"
"Health & Wellness","Mental Health","Therapy Techniques","Stress Relief","Tutorials","Stress Relief Tutorial Video","Stress Relief Tutorial"
"Health & Wellness","Mental Health","Therapy Techniques","Stress Relief","Tutorials","Relaxation Technique Guide","Relaxation Techniques"
"Health & Wellness","Mental Health","Therapy Techniques","Stress Relief","Session","Stress Relief Session Audio","Guided Stress Relief"
"Health & Wellness","Mental Health","Therapy Techniques","Stress Relief","Session","Calming Practice Recording","Calming Session Audio"
"Health & Wellness","Mental Health","Mindfulness Practices","Meditation","Guide","Meditation Basics Guidebook","Meditation 101"
"Health & Wellness","Mental Health","Mindfulness Practices","Meditation","Guide","Mindful Living Manual","Mindful Living Guide"
"Health & Wellness","Mental Health","Mindfulness Practices","Meditation","Session","Guided Meditation Audio","Guided Meditation Session"
"Health & Wellness","Mental Health","Mindfulness Practices","Meditation","Session","Morning Meditation Video","Morning Meditation"
"Health & Wellness","Mental Health","Mindfulness Practices","Breathing Exercises","Tutorials","Breathwork Tutorial Video","Breathwork Tutorial"
"Health & Wellness","Mental Health","Mindfulness Practices","Breathing Exercises","Tutorials","Stress Breath Guide","Stress Breathing Guide"
"Health & Wellness","Mental Health","Mindfulness Practices","Breathing Exercises","Mini","Quick Breath Exercise Clip","Quick Breathing Exercise"
"Health & Wellness","Mental Health","Mindfulness Practices","Breathing Exercises","Mini","Short Calm Breathing Audio","Short Breathing Session"
"Health & Wellness","Alternative Wellness","Holistic Healing","Herbal Remedies","Recipes","Herbal Tea Recipe Post","Herbal Tea Recipe"
"Health & Wellness","Alternative Wellness","Holistic Healing","Herbal Remedies","Recipes","Oil Infusion Recipe Video","Oil Infusion Recipe"
"Health & Wellness","Alternative Wellness","Holistic Healing","Herbal Remedies","DIY","DIY Herbal Blend Tutorial","DIY Herbal Blend"
"Health & Wellness","Alternative Wellness","Holistic Healing","Herbal Remedies","DIY","Home Remedy Creation Clip","Home Remedy Tutorial"
"Health & Wellness","Alternative Wellness","Holistic Healing","Energy Healing","Session","Reiki Session Recording","Reiki Healing Session"
"Health & Wellness","Alternative Wellness","Holistic Healing","Energy Healing","Session","Chakra Healing Audio","Chakra Healing Session"
"Health & Wellness","Alternative Wellness","Holistic Healing","Energy Healing","Explained","Energy Healing Explainer","Energy Healing Explained"
"Health & Wellness","Alternative Wellness","Holistic Healing","Energy Healing","Explained","Reiki Basics Breakdown","Reiki Basics 101"
"Health & Wellness","Alternative Wellness","Spiritual Wellness","Yoga Practices","Tutorials","Spiritual Yoga Tutorial","Spiritual Yoga Flow"
"Health & Wellness","Alternative Wellness","Spiritual Wellness","Yoga Practices","Tutorials","Yoga Flow Guide Video","Yoga Flow Tutorial"
"Health & Wellness","Alternative Wellness","Spiritual Wellness","Yoga Practices","Vlogs","Yoga Retreat Vlog Entry","Yoga Retreat Vlog"
"Health & Wellness","Alternative Wellness","Spiritual Wellness","Yoga Practices","Vlogs","Spiritual Practice Video","Spiritual Yoga Vlog"
"Health & Wellness","Alternative Wellness","Spiritual Wellness","Astrology Insights","Reading","Horoscope Reading Post","Daily Horoscope Reading"
"Health & Wellness","Alternative Wellness","Spiritual Wellness","Astrology Insights","Reading","Daily Astrology Video","Daily Astrology Update"
"Health & Wellness","Alternative Wellness","Spiritual Wellness","Astrology Insights","Predictions","Monthly Prediction Post","Monthly Horoscope"
"Health & Wellness","Alternative Wellness","Spiritual Wellness","Astrology Insights","Predictions","Zodiac Forecast Video","Zodiac Forecast 2023"
"Social & Community","Vlogs & Daily Life","Personal Vlogs","Travel Diaries","Vlogs","City Travel Vlog Entry","Paris Travel Vlog"
"Social & Community","Vlogs & Daily Life","Personal Vlogs","Travel Diaries","Vlogs","Road Trip Video Diary","Road Trip Vlog 2023"
"Social & Community","Vlogs & Daily Life","Personal Vlogs","Travel Diaries","Tour","City Exploration Tour Video","NYC Exploration Tour"
"Social & Community","Vlogs & Daily Life","Personal Vlogs","Travel Diaries","Tour","Travel Destination Tour Clip","Hawaii Tour Video"
"Social & Community","Vlogs & Daily Life","Personal Vlogs","Life Updates","Update","Daily Life Update Post","Daily Life Update Vlog"
"Social & Community","Vlogs & Daily Life","Personal Vlogs","Life Updates","Update","Weekly Routine Report","Weekly Routine Vlog"
"Social & Community","Vlogs & Daily Life","Personal Vlogs","Life Updates","Storytime","Life Milestone Story Video","Moving Day Storytime"
"Social & Community","Vlogs & Daily Life","Personal Vlogs","Life Updates","Storytime","Day-in-the-Life Tale","Day in My Life Story"
"Social & Community","Vlogs & Daily Life","Family Vlogs","Kid Adventures","Vlogs","Playdate Vlog Entry","Playdate Vlog 2023"
"Social & Community","Vlogs & Daily Life","Family Vlogs","Kid Adventures","Vlogs","School Day Video Diary","School Day Vlog"
"Social & Community","Vlogs & Daily Life","Family Vlogs","Kid Adventures","Montage","Kid Fun Montage Video","Kids Fun Montage"
"Social & Community","Vlogs & Daily Life","Family Vlogs","Kid Adventures","Montage","Family Day Compilation","Family Day Montage"
"Social & Community","Vlogs & Daily Life","Family Vlogs","Parenting Moments","Tips","Parenting Tips Post","Parenting Tips 2023"
"Social & Community","Vlogs & Daily Life","Family Vlogs","Parenting Moments","Tips","Quick Parenting Hack Video","Quick Parenting Hacks"
"Social & Community","Vlogs & Daily Life","Family Vlogs","Parenting Moments","Hack","Baby Sleep Hack Clip","Baby Sleep Hacks"
"Social & Community","Vlogs & Daily Life","Family Vlogs","Parenting Moments","Hack","Toddler Routine Shortcut","Toddler Routine Hacks"
"Social & Community","Activism & Causes","Advocacy","Social Justice","Advocacy","Justice Advocacy Video","Social Justice Advocacy"
"Social & Community","Activism & Causes","Advocacy","Social Justice","Advocacy","Equality Campaign Post","Equality Campaign Video"
"Social & Community","Activism & Causes","Advocacy","Social Justice","Debate","Justice Debate Video","Justice Debate 2023"
"Social & Community","Activism & Causes","Advocacy","Social Justice","Debate","Social Issue Discussion Clip","Social Issues Debate"
"Social & Community","Activism & Causes","Advocacy","Environmental Causes","Campaign","Climate Action Campaign Video","Climate Action Campaign"
"Social & Community","Activism & Causes","Advocacy","Environmental Causes","Campaign","Eco-Friendly Drive Post","Eco-Friendly Campaign"
"Social & Community","Activism & Causes","Advocacy","Environmental Causes","Explained","Climate Change Explainer","Climate Change Explained"
"Social & Community","Activism & Causes","Advocacy","Environmental Causes","Explained","Recycling Basics Breakdown","Recycling 101"
"Social & Community","Activism & Causes","Awareness Campaigns","Health Awareness","PSA","Mental Health PSA Video","Mental Health PSA"
"Social & Community","Activism & Causes","Awareness Campaigns","Health Awareness","PSA","Disease Awareness Short","Cancer Awareness PSA"
"Social & Community","Activism & Causes","Awareness Campaigns","Health Awareness","Storytime","Health Journey Story Video","Cancer Journey Story"
"Social & Community","Activism & Causes","Awareness Campaigns","Health Awareness","Storytime","Patient Experience Tale","Patient Story Audio"
"Social & Community","Activism & Causes","Awareness Campaigns","Equality Drives","Vlogs","Equality Rally Vlog","Equality Rally Vlog"
"Social & Community","Activism & Causes","Awareness Campaigns","Equality Drives","Vlogs","Advocacy Event Video Diary","Advocacy Event Vlog"
"Social & Community","Activism & Causes","Awareness Campaigns","Equality Drives","Interview","Activist Interview Video","Activist Interview"
"Social & Community","Activism & Causes","Awareness Campaigns","Equality Drives","Interview","Community Voice Audio","Community Voice Q&A"
"Social & Community","Fandoms & Groups","Fan Content","Cosplay Creations","Showcase","Cosplay Showcase Video","Cosplay Showcase 2023"
"Social & Community","Fandoms & Groups","Fan Content","Cosplay Creations","Showcase","Costume Creation Clip","Cosplay Creation Video"
"Social & Community","Fandoms & Groups","Fan Content","Cosplay Creations","Tutorials","Cosplay Tutorial Video","Cosplay Tutorial 101"
"Social & Community","Fandoms & Groups","Fan Content","Cosplay Creations","Tutorials","Costume Crafting Guide","Costume Crafting Tutorial"
"Social & Community","Fandoms & Groups","Fan Content","Fan Theories","Explained","Movie Theory Explainer Video","Marvel Theory Explained"
"Social & Community","Fandoms & Groups","Fan Content","Fan Theories","Explained","Game Lore Breakdown Post","Elden Ring Lore Breakdown"
"Social & Community","Fandoms & Groups","Fan Content","Fan Theories","Debate","Fan Theory Debate Video","Star Wars Theory Debate"
"Social & Community","Fandoms & Groups","Fan Content","Fan Theories","Debate","Lore Discussion Clip","Game of Thrones Lore Debate"
"Social & Community","Fandoms & Groups","Community Discussions","Forum Chats","Q&A","Fan Forum Q&A Session","Fan Q&A Live"
"Social & Community","Fandoms & Groups","Community Discussions","Forum Chats","Q&A","Community Chat Answers Video","Community Q&A Video"
"Social & Community","Fandoms & Groups","Community Discussions","Forum Chats","Roundup","Forum Thread Roundup Post","Forum Roundup 2023"
"Social & Community","Fandoms & Groups","Community Discussions","Forum Chats","Roundup","Chat Highlights Summary","Chat Highlights Video"
"Social & Community","Fandoms & Groups","Community Discussions","Group Events","Recap","Fan Meetup Recap Video","Fan Meetup Recap"
"Social & Community","Fandoms & Groups","Community Discussions","Group Events","Recap","Convention Summary Post","Comic-Con Recap"
"Social & Community","Fandoms & Groups","Community Discussions","Group Events","Live","Live Fan Event Stream","Live Fan Event 2023"
"Social & Community","Fandoms & Groups","Community Discussions","Group Events","Live","Group Gathering Broadcast","Group Gathering Live"
"Social & Community","Social Media","Platform Strategies","TikTok Tips","Tips","TikTok Growth Tips Post","TikTok Growth Tips"
"Social & Community","Social Media","Platform Strategies","TikTok Tips","Tips","Viral Video Quick Tip","Viral TikTok Tips"
"Social & Community","Social Media","Platform Strategies","TikTok Tips","Hack","TikTok Algorithm Hack Video","TikTok Algorithm Hacks"
"Social & Community","Social Media","Platform Strategies","TikTok Tips","Hack","Engagement Boost Shortcut","TikTok Engagement Hacks"
"Social & Community","Social Media","Platform Strategies","YouTube Growth","Guide","YouTube Growth Guidebook","YouTube Growth Guide"
"Social & Community","Social Media","Platform Strategies","YouTube Growth","Guide","Channel Optimization Manual","YouTube Optimization 101"
"Social & Community","Social Media","Platform Strategies","YouTube Growth","Tutorials","SEO for YouTube Tutorial","YouTube SEO Tutorial"
"Social & Community","Social Media","Platform Strategies","YouTube Growth","Tutorials","Monetization Guide Video","YouTube Monetization Guide"
"Social & Community","Social Media","Influencer Content","Lifestyle Posts","Vlogs","Daily Life Vlog Entry","Daily Life Vlog 2023"
"Social & Community","Social Media","Influencer Content","Lifestyle Posts","Vlogs","Fitness Journey Video Diary","Fitness Journey Vlog"
"Social & Community","Social Media","Influencer Content","Lifestyle Posts","Showcase","Lifestyle Post Showcase","Lifestyle Post Showcase"
"Social & Community","Social Media","Influencer Content","Lifestyle Posts","Showcase","Daily Routine Reel","Daily Routine Reel"
"Social & Community","Social Media","Influencer Content","Brand Collabs","Reviews","Product Collab Review Post","Product Collab Review"
"Social & Community","Social Media","Influencer Content","Brand Collabs","Reviews","Sponsored Item Critique","Sponsored Product Review"
"Social & Community","Social Media","Influencer Content","Brand Collabs","Haul","Brand Collab Haul Video","Brand Collab Haul"
"Social & Community","Social Media","Influencer Content","Brand Collabs","Haul","Sponsored Products Haul Clip","Sponsored Haul Video"
"Sports","Competitive Sports","Team Sports","Soccer Highlights","Highlight","Soccer Match Highlight Reel","Premier League Highlights"
"Sports","Competitive Sports","Team Sports","Soccer Highlights","Highlight","Top Goals Video Clip","Top Soccer Goals 2023"
"Sports","Competitive Sports","Team Sports","Soccer Highlights","Montage","Soccer Season Montage Video","Soccer Season Montage"
"Sports","Competitive Sports","Team Sports","Soccer Highlights","Montage","Player Skills Compilation","Messi Skills Compilation"
"Sports","Competitive Sports","Team Sports","Basketball Plays","Breakdown","Basketball Play Breakdown Video","NBA Play Breakdown"
"Sports","Competitive Sports","Team Sports","Basketball Plays","Breakdown","Assist Strategy Analysis","Assist Strategy Breakdown"
"Sports","Competitive Sports","Team Sports","Basketball Plays","Analysis","Game Play Analysis Post","Game Play Analysis"
"Sports","Competitive Sports","Team Sports","Basketball Plays","Analysis","Dunk Impact Breakdown","Dunk Breakdown Video"
"Sports","Competitive Sports","Individual Sports","Tennis Matches","Live","Live Tennis Match Stream","Wimbledon Live 2023"
"Sports","Competitive Sports","Individual Sports","Tennis Matches","Live","Tournament Match Broadcast","US Open Live Broadcast"
"Sports","Competitive Sports","Individual Sports","Tennis Matches","Recap","Tennis Match Recap Video","Australian Open Recap"
"Sports","Competitive Sports","Individual Sports","Tennis Matches","Recap","Key Rally Summary Post","Key Rally Recap"
"Sports","Competitive Sports","Individual Sports","Golf Techniques","Tutorials","Golf Swing Tutorial Video","Golf Swing Tutorial"
"Sports","Competitive Sports","Individual Sports","Golf Techniques","Tutorials","Putting Basics Guide","Putting Basics Tutorial"
"Sports","Competitive Sports","Individual Sports","Golf Techniques","Tips","Golf Swing Tips Post","Golf Swing Tips"
"Sports","Competitive Sports","Individual Sports","Golf Techniques","Tips","Putting Accuracy Quick Tip","Putting Accuracy Tips"
"Sports","Sports Training","Fitness Training","Endurance Runs","Vlogs","Marathon Prep Vlog Entry","Marathon Prep Vlog"
"Sports","Sports Training","Fitness Training","Endurance Runs","Vlogs","Running Routine Video Diary","Running Routine Vlog"
"Sports","Sports Training","Fitness Training","Endurance Runs","Challenges","Endurance Run Challenge Video","Endurance Challenge 2023"
"Sports","Sports Training","Fitness Training","Endurance Runs","Challenges","Sprint Interval Contest Clip","Sprint Challenge Video"
"Sports","Sports Training","Fitness Training","Power Lifting","Tutorials","Deadlift Tutorial Video","Deadlift Tutorial"
"Sports","Sports Training","Fitness Training","Power Lifting","Tutorials","Squat Form Guide","Squat Form Tutorial"
"Sports","Sports Training","Fitness Training","Power Lifting","Test","Lift Form Test Video","Lift Form Test"
"Sports","Sports Training","Fitness Training","Power Lifting","Test","Strength Trial Clip","Strength Test Video"
"Sports","Sports Training","Skill Development","Dribbling Drills","Tutorials","Soccer Dribbling Tutorial","Soccer Dribbling Tutorial"
"Sports","Sports Training","Skill Development","Dribbling Drills","Tutorials","Basketball Moves Guide Video","Basketball Dribbling Guide"
"Sports","Sports Training","Skill Development","Dribbling Drills","Demo","Dribbling Demo Clip","Dribbling Demo Video"
"Sports","Sports Training","Skill Development","Dribbling Drills","Demo","Skill Practice Showcase","Skill Practice Demo"
"Sports","Sports Training","Skill Development","Swing Mechanics","Guide","Golf Swing Mechanics Guide","Golf Swing Mechanics"
"Sports","Sports Training","Skill Development","Swing Mechanics","Guide","Tennis Serve Basics Manual","Tennis Serve Guide"
"Sports","Sports Training","Skill Development","Swing Mechanics","Analysis","Swing Form Analysis Video","Swing Form Analysis"
"Sports","Sports Training","Skill Development","Swing Mechanics","Analysis","Technique Breakdown Post","Technique Breakdown"
"Pets & Animals","Pet Care","Pet Health","Diet Advice","Tips","Dog Diet Tips Post","Dog Diet Tips"
"Pets & Animals","Pet Care","Pet Health","Diet Advice","Tips","Cat Nutrition Quick Tip","Cat Nutrition Tips"
"Pets & Animals","Pet Care","Pet Health","Diet Advice","Guide","Pet Diet Guidebook","Pet Diet Guide"
"Pets & Animals","Pet Care","Pet Health","Diet Advice","Guide","Healthy Pet Feeding Manual","Healthy Pet Feeding"
"Pets & Animals","Pet Care","Pet Health","Vet Tips","Explained","Vaccination Explainer Video","Pet Vaccination Explained"
"Pets & Animals","Pet Care","Pet Health","Vet Tips","Explained","Pet Health Basics Breakdown","Pet Health Basics"
"Pets & Animals","Pet Care","Pet Health","Vet Tips","Q&A","Vet Q&A Session Video","Vet Q&A Live"
"Pets & Animals","Pet Care","Pet Health","Vet Tips","Q&A","Pet Care Questions Answered","Pet Care Q&A"
"Pets & Animals","Pet Care","Pet Grooming","Dog Grooming","Tutorials","Dog Brushing Tutorial Video","Dog Brushing Tutorial"
"Pets & Animals","Pet Care","Pet Grooming","Dog Grooming","Tutorials","Dog Bathing Guide","Dog Bathing Tutorial"
"Pets & Animals","Pet Care","Pet Grooming","Dog Grooming","Vlogs","Dog Grooming Vlog Entry","Dog Grooming Vlog"
"Pets & Animals","Pet Care","Pet Grooming","Dog Grooming","Vlogs","Grooming Day Video Diary","Grooming Day Vlog"
"Pets & Animals","Pet Care","Pet Grooming","Cat Grooming","Tips","Cat Grooming Tips Post","Cat Grooming Tips"
"Pets & Animals","Pet Care","Pet Grooming","Cat Grooming","Tips","Fur Care Quick Tip Video","Cat Fur Care Tips"
"Pets & Animals","Pet Care","Pet Grooming","Cat Grooming","Demo","Cat Nail Trim Demo Clip","Cat Nail Trimming Demo"
"Pets & Animals","Pet Care","Pet Grooming","Cat Grooming","Demo","Grooming Technique Showcase","Cat Grooming Demo"
"Pets & Animals","Pet Life","Pet Vlogs","Daily Routines","Vlogs","Morning Pet Routine Vlog","Morning Pet Vlog"
"Pets & Animals","Pet Life","Pet Vlogs","Daily Routines","Vlogs","Pet Feeding Video Diary","Pet Feeding Vlog"
"Pets & Animals","Pet Life","Pet Vlogs","Daily Routines","Montage","Daily Pet Life Montage","Daily Pet Montage"
"Pets & Animals","Pet Life","Pet Vlogs","Daily Routines","Montage","Pet Routine Compilation Video","Pet Routine Compilation"
"Pets & Animals","Pet Life","Pet Vlogs","Pet Adventures","Tour","Park Adventure Tour Video","Dog Park Tour"
"Pets & Animals","Pet Life","Pet Vlogs","Pet Adventures","Tour","Pet Road Trip Video Guide","Pet Road Trip Vlog"
"Pets & Animals","Pet Life","Pet Vlogs","Pet Adventures","Storytime","Pet Adventure Story Video","Pet Adventure Story"
"Pets & Animals","Pet Life","Pet Vlogs","Pet Adventures","Storytime","Dog Park Tale Audio","Dog Park Story Audio"
"Pets & Animals","Pet Life","Pet Entertainment","Funny Moments","Compilation","Pet Fails Compilation Video","Pet Fails Compilation"
"Pets & Animals","Pet Life","Pet Entertainment","Funny Moments","Compilation","Cute Pet Moments Reel","Cute Pet Moments"
"Pets & Animals","Pet Life","Pet Entertainment","Funny Moments","Prank","Pet Prank Video Clip","Dog Prank Video"
"Pets & Animals","Pet Life","Pet Entertainment","Funny Moments","Prank","Dog Trick Gone Wrong Video","Dog Trick Fails"
"Pets & Animals","Pet Life","Pet Entertainment","Trick Shows","Showcase","Dog Trick Showcase Video","Dog Trick Showcase"
"Pets & Animals","Pet Life","Pet Entertainment","Trick Shows","Showcase","Cat Trick Performance Clip","Cat Trick Video"
"Pets & Animals","Pet Life","Pet Entertainment","Trick Shows","Challenges","Pet Trick Challenge Video","